Time(sec),TempRes(Ohm),SampVolt(V),heat_current(A),coil_current_order(A), sample_current_order(A)
150.33,40.7,5.3218e-06,0.14,0,0.2
150.38,40.7,8.9191e-06,0.14,0,0.30526
150.44,40.7,-1.5477e-05,0.14,0,0.41053
150.49,40.7,-4.1188e-05,0.14,0,0.51579
150.53,40.7,-4.1481e-05,0.14,0,0.62105
150.59,40.7,-7.7583e-05,0.14,0,0.72632
150.64,40.7,-0.00011077,0.14,0,0.83158
150.7,40.7,-0.00012417,0.14,0,0.93684
150.75,40.7,-0.00017982,0.14,0,1.0421
151.02,40.7,-0.00040062,0.14,0,1.1474
151.06,40.7,-0.00049023,0.14,0,1.2526
151.13,40.7,-0.0005229,0.14,0,1.3579
151.17,40.7,-0.00058721,0.14,0,1.4632
151.24,40.7,-0.0006904,0.14,0,1.5684
151.28,40.7,-0.00073616,0.14,0,1.6737
151.34,40.7,-0.00080081,0.14,0,1.7789
151.39,40.7,-0.00091784,0.14,0,1.8842
151.64,40.7,-0.0013046,0.14,0,1.9895
151.69,40.7,-0.0014438,0.14,0,2.0947
151.75,40.7,-0.0015153,0.14,0,2.2
151.95,40.7,-0.0018985,0.14,0,0.21
152,40.7,-0.0019018,0.14,0,0.31526
152.06,40.7,-0.0019054,0.14,0,0.42053
152.5,40.7,-8.6225e-05,0.14,0,0.52579
152.55,40.7,-0.00013558,0.14,0,0.63105
152.61,40.7,-0.00013418,0.14,0,0.73632
152.66,40.7,-0.00019431,0.14,0,0.84158
152.72,40.7,-0.00024525,0.14,0,0.94684
152.77,40.7,-0.00026114,0.14,0,1.0521
152.81,40.7,-0.00033776,0.14,0,1.1574
152.88,40.7,-0.00037492,0.14,0,1.2626
152.92,40.7,-0.0004214,0.14,0,1.3679
152.99,40.7,-0.000513,0.14,0,1.4732
153.24,40.7,-0.00083033,0.14,0,1.5784
153.28,40.7,-0.00094638,0.14,0,1.6837
153.34,40.7,-0.0010209,0.14,0,1.7889
153.39,40.7,-0.0010735,0.14,0,1.8942
153.44,40.7,-0.0012032,0.14,0,1.9995
153.5,40.7,-0.0012881,0.14,0,2.1047
153.55,40.7,-0.0013397,0.14,0,2.21
153.75,40.7,-0.0017811,0.14,0,0.22
153.8,40.7,-0.0018377,0.14,0,0.32526
153.86,40.7,-0.0019402,0.14,0,0.43053
154.41,40.7,-9.4478e-05,0.14,0,0.53579
154.45,40.7,-0.00014445,0.14,0,0.64105
154.5,40.7,-0.00014452,0.14,0,0.74632
154.56,40.7,-0.00020503,0.14,0,0.85158
154.61,40.7,-0.00026914,0.14,0,0.95684
154.67,40.7,-0.00027434,0.14,0,1.0621
154.72,40.7,-0.00035255,0.14,0,1.1674
154.78,40.7,-0.00043629,0.14,0,1.2726
154.83,40.7,-0.00043818,0.14,0,1.3779
154.89,40.7,-0.0005323,0.14,0,1.4832
155.13,40.7,-0.00085355,0.14,0,1.5884
155.19,40.7,-0.00097419,0.14,0,1.6937
155.24,40.7,-0.00099602,0.14,0,1.7989
155.3,40.7,-0.0011002,0.14,0,1.9042
155.34,40.7,-0.0012319,0.14,0,2.0095
155.41,40.7,-0.0013212,0.14,0,2.1147
155.45,40.7,-0.0013708,0.14,0,2.22
155.66,40.7,-0.0018161,0.14,0,0.23
155.7,40.7,-0.0019383,0.14,0,0.33526
155.77,40.7,-0.0019768,0.14,0,0.44053
156.3,40.7,-0.00010097,0.14,0,0.54579
156.36,40.7,-0.00015469,0.14,0,0.65105
156.41,40.7,-0.00015396,0.14,0,0.75632
156.47,40.7,-0.00021708,0.14,0,0.86158
156.52,40.7,-0.00028633,0.14,0,0.96684
156.56,40.7,-0.00028697,0.14,0,1.0721
156.63,40.7,-0.00036737,0.14,0,1.1774
156.67,40.7,-0.00042102,0.14,0,1.2826
156.74,40.7,-0.00045449,0.14,0,1.3879
156.78,40.7,-0.00055001,0.14,0,1.4932
157.03,40.7,-0.00087671,0.14,0,1.5984
157.09,40.7,-0.0009979,0.14,0,1.7037
157.14,40.7,-0.001052,0.14,0,1.8089
157.19,40.7,-0.0011256,0.14,0,1.9142
157.25,40.7,-0.0012589,0.14,0,2.0195
157.3,40.7,-0.0013257,0.14,0,2.1247
157.36,40.7,-0.0013986,0.14,0,2.23
157.56,40.7,-0.0018488,0.14,0,0.24
157.61,40.7,-0.0019636,0.14,0,0.34526
157.67,40.7,-0.0020127,0.14,0,0.45053
158.2,40.7,-0.00010819,0.14,0,0.55579
158.27,40.7,-0.00016269,0.14,0,0.66105
158.31,40.7,-0.00016118,0.14,0,0.76632
158.36,40.7,-0.00022712,0.14,0,0.87158
158.42,40.7,-0.00028414,0.14,0,0.97684
158.47,40.7,-0.00030025,0.14,0,1.0821
158.53,40.7,-0.00038101,0.14,0,1.1874
158.58,40.7,-0.0004166,0.14,0,1.2926
158.64,40.7,-0.00047032,0.14,0,1.3979
158.69,40.7,-0.00056628,0.14,0,1.5032
158.94,40.7,-0.00089816,0.14,0,1.6084
158.99,40.7,-0.0010221,0.14,0,1.7137
159.05,40.7,-0.0010527,0.14,0,1.8189
159.09,40.7,-0.0011505,0.14,0,1.9242
159.16,40.7,-0.0012857,0.14,0,2.0295
159.2,40.7,-0.0013844,0.14,0,2.1347
159.27,40.7,-0.001426,0.14,0,2.24
159.47,40.7,-0.0018814,0.14,0,0.25
159.52,40.7,-0.0020414,0.14,0,0.35526
159.58,40.7,-0.002045,0.14,0,0.46053
160.11,40.7,-0.00011577,0.14,0,0.56579
160.16,40.7,-0.00017222,0.14,0,0.67105
160.22,40.7,-0.00017191,0.14,0,0.77632
160.27,40.7,-0.00023755,0.14,0,0.88158
160.33,40.7,-0.0003047,0.14,0,0.98684
160.38,40.7,-0.00031225,0.14,0,1.0921
160.42,40.7,-0.00039526,0.14,0,1.1974
160.49,40.7,-0.00043786,0.14,0,1.3026
160.53,40.7,-0.00048597,0.14,0,1.4079
160.59,40.7,-0.00058424,0.14,0,1.5132
160.84,40.7,-0.00092005,0.14,0,1.6184
160.89,40.7,-0.0010453,0.14,0,1.7237
160.95,40.7,-0.0011001,0.14,0,1.8289
161,40.7,-0.0011754,0.14,0,1.9342
161.06,40.7,-0.0013116,0.14,0,2.0395
161.11,40.7,-0.0013745,0.14,0,2.1447
161.16,40.7,-0.001454,0.14,0,2.25
161.47,40.7,-0.0020777,0.14,0,0.26
161.52,40.7,-0.0020804,0.14,0,0.36526
161.58,40.7,-0.0020837,0.14,0,0.47053
162,40.7,-0.00012377,0.14,0,0.57579
162.06,40.7,-0.00017897,0.14,0,0.68105
162.11,40.7,-0.00018125,0.14,0,0.78632
162.17,40.7,-0.00024906,0.14,0,0.89158
162.22,40.7,-0.00032263,0.14,0,0.99684
162.28,40.7,-0.00032528,0.14,0,1.1021
162.33,40.7,-0.00040898,0.14,0,1.2074
162.38,40.7,-0.00046305,0.14,0,1.3126
162.44,40.7,-0.00050118,0.14,0,1.4179
162.49,40.7,-0.00060115,0.14,0,1.5232
162.74,40.7,-0.00094188,0.14,0,1.6284
162.8,40.7,-0.0010675,0.14,0,1.7337
162.84,40.7,-0.0011165,0.14,0,1.8389
162.91,40.7,-0.0011989,0.14,0,1.9442
162.95,40.7,-0.0013368,0.14,0,2.0495
163,40.7,-0.0013983,0.14,0,2.1547
163.06,40.7,-0.0014809,0.14,0,2.26
163.27,40.7,-0.0019437,0.14,0,0.27
163.33,40.7,-0.0021067,0.14,0,0.37526
163.38,40.7,-0.0021101,0.14,0,0.48053
163.91,40.7,-0.00013118,0.14,0,0.58579
163.97,40.7,-0.00019007,0.14,0,0.69105
164.02,40.7,-0.00018973,0.14,0,0.79632
164.06,40.7,-0.0002592,0.14,0,0.90158
164.13,40.7,-0.00030667,0.14,0,1.0068
164.17,40.7,-0.00033642,0.14,0,1.1121
164.24,40.7,-0.00042323,0.14,0,1.2174
164.28,40.7,-0.00048717,0.14,0,1.3226
164.34,40.7,-0.00051704,0.14,0,1.4279
164.39,40.7,-0.00061875,0.14,0,1.5332
164.64,40.7,-0.00096254,0.14,0,1.6384
164.69,40.7,-0.0010903,0.14,0,1.7437
164.75,40.7,-0.0011385,0.14,0,1.8489
164.8,40.7,-0.0012229,0.14,0,1.9542
164.86,40.7,-0.0013621,0.14,0,2.0595
164.91,40.7,-0.0014224,0.14,0,2.1647
164.95,40.7,-0.0015072,0.14,0,2.27
165.17,40.7,-0.0019741,0.14,0,0.28
165.24,40.7,-0.0021398,0.14,0,0.38526
165.28,40.7,-0.0021425,0.14,0,0.49053
165.81,40.7,-0.0001389,0.14,0,0.59579
165.86,40.7,-0.00019888,0.14,0,0.70105
165.92,40.7,-0.00019976,0.14,0,0.80632
165.97,40.7,-0.00026996,0.14,0,0.91158
166.02,40.7,-0.0003485,0.14,0,1.0168
166.08,40.7,-0.0003487,0.14,0,1.1221
166.13,40.7,-0.00043737,0.14,0,1.2274
166.19,40.7,-0.00050738,0.14,0,1.3326
166.24,40.7,-0.00053163,0.14,0,1.4379
166.3,40.7,-0.00063497,0.14,0,1.5432
166.53,40.7,-0.00098367,0.14,0,1.6484
166.59,40.7,-0.0011128,0.14,0,1.7537
166.64,40.7,-0.0011512,0.14,0,1.8589
166.7,40.7,-0.0012475,0.14,0,1.9642
166.75,40.7,-0.0013876,0.14,0,2.0695
166.8,40.7,-0.0014969,0.14,0,2.1747
166.86,40.7,-0.001534,0.14,0,2.28
167.06,40.7,-0.0020041,0.14,0,0.29
167.11,40.7,-0.0021488,0.14,0,0.39526
167.17,40.7,-0.0021741,0.14,0,0.50053
167.7,40.7,-0.00014603,0.14,0,0.60579
167.77,40.7,-0.00020856,0.14,0,0.71105
167.81,40.7,-0.00020913,0.14,0,0.81632
167.88,40.7,-0.00028175,0.14,0,0.92158
167.92,40.7,-0.00036183,0.14,0,1.0268
167.97,40.7,-0.0003621,0.14,0,1.1321
168.03,40.7,-0.00045138,0.14,0,1.2374
168.08,40.7,-0.00052099,0.14,0,1.3426
168.14,40.7,-0.00054728,0.14,0,1.4479
168.19,40.7,-0.00065214,0.14,0,1.5532
168.44,40.7,-0.0010046,0.14,0,1.6584
168.49,40.7,-0.0011345,0.14,0,1.7637
168.55,40.7,-0.0011749,0.14,0,1.8689
168.59,40.7,-0.0012707,0.14,0,1.9742
168.66,40.7,-0.0014121,0.14,0,2.0795
168.7,40.7,-0.0015237,0.14,0,2.1847
168.75,40.7,-0.0015604,0.14,0,2.29
169.31,40.68,-0.0036367,0.14,0.16667,0.2
169.36,40.68,-0.0036423,0.14,0.16667,0.30526
169.41,40.68,-0.00019187,0.14,0.16667,0.41053
169.47,40.68,-0.00017474,0.14,0.16667,0.51579
169.52,40.68,-0.00029495,0.14,0.16667,0.62105
169.58,40.68,-0.00037411,0.14,0.16667,0.72632
169.63,40.68,-0.00042422,0.14,0.16667,0.83158
169.67,40.68,-0.00056502,0.14,0.16667,0.93684
169.94,40.68,-0.0010215,0.14,0.16667,1.0421
170,40.68,-0.0011861,0.14,0.16667,1.1474
170.05,40.68,-0.0011851,0.14,0.16667,1.2526
170.11,40.68,-0.0013547,0.14,0.16667,1.3579
170.16,40.68,-0.0015274,0.14,0.16667,1.4632
170.22,40.68,-0.0015917,0.14,0.16667,1.5684
170.27,40.68,-0.001706,0.14,0.16667,1.6737
170.31,40.68,-0.0018864,0.14,0.16667,1.7789
170.58,40.68,-0.0024552,0.14,0.16667,1.8842
170.63,40.68,-0.0026511,0.14,0.16667,1.9895
170.69,40.68,-0.0027298,0.14,0.16667,2.0947
170.74,40.68,-0.0028533,0.14,0.16667,2.2
170.94,40.68,-0.0034726,0.14,0.16667,0.21
170.99,40.68,-0.0034763,0.14,0.16667,0.31526
171.05,40.68,-0.0034799,0.14,0.16667,0.42053
171.52,40.68,-0.00044499,0.14,0.16667,0.52579
171.56,40.68,-0.00058561,0.14,0.16667,0.63105
171.61,40.68,-0.00058472,0.14,0.16667,0.73632
171.67,40.68,-0.00073521,0.14,0.16667,0.84158
171.72,40.68,-0.0008785,0.14,0.16667,0.94684
171.78,40.68,-0.00088989,0.14,0.16667,1.0521
171.83,40.68,-0.0010501,0.14,0.16667,1.1574
171.89,40.68,-0.0011317,0.14,0.16667,1.2626
171.94,40.68,-0.0012155,0.14,0.16667,1.3679
171.99,40.68,-0.0013857,0.14,0.16667,1.4732
172.24,40.68,-0.0019226,0.14,0.16667,1.5784
172.3,40.68,-0.0021098,0.14,0.16667,1.6837
172.34,40.68,-0.0021577,0.14,0.16667,1.7889
172.41,40.68,-0.0023002,0.14,0.16667,1.8942
172.45,40.68,-0.0024942,0.14,0.16667,1.9995
172.52,40.68,-0.0026385,0.14,0.16667,2.1047
172.56,40.68,-0.0026929,0.14,0.16667,2.21
172.77,40.68,-0.0033065,0.14,0.16667,0.22
172.83,40.68,-0.0034786,0.14,0.16667,0.32526
172.88,40.68,-0.0035203,0.14,0.16667,0.43053
173.41,40.68,-0.00046272,0.14,0.16667,0.53579
173.47,40.68,-0.00060696,0.14,0.16667,0.64105
173.52,40.68,-0.00060594,0.14,0.16667,0.74632
173.58,40.68,-0.0007568,0.14,0.16667,0.85158
173.63,40.68,-0.00091336,0.14,0.16667,0.95684
173.69,40.68,-0.00091348,0.14,0.16667,1.0621
173.74,40.68,-0.0010752,0.14,0.16667,1.1674
173.8,40.68,-0.0012008,0.14,0.16667,1.2726
173.84,40.68,-0.001242,0.14,0.16667,1.3779
173.89,40.68,-0.0014141,0.14,0.16667,1.4832
174.14,40.68,-0.0019551,0.14,0.16667,1.5884
174.2,40.68,-0.0021431,0.14,0.16667,1.6937
174.25,40.68,-0.0022263,0.14,0.16667,1.7989
174.31,40.68,-0.002335,0.14,0.16667,1.9042
174.36,40.68,-0.0025299,0.14,0.16667,2.0095
174.41,40.68,-0.0026249,0.14,0.16667,2.1147
174.47,40.68,-0.0027299,0.14,0.16667,2.22
174.67,40.68,-0.0033474,0.14,0.16667,0.23
174.74,40.68,-0.0035592,0.14,0.16667,0.33526
174.78,40.68,-0.0035624,0.14,0.16667,0.44053
175.31,40.68,-0.00048176,0.14,0.16667,0.54579
175.38,40.68,-0.00062556,0.14,0.16667,0.65105
175.42,40.68,-0.00062612,0.14,0.16667,0.75632
175.47,40.68,-0.00077824,0.14,0.16667,0.86158
175.53,40.68,-0.00088383,0.14,0.16667,0.96684
175.58,40.68,-0.00093603,0.14,0.16667,1.0721
175.64,40.68,-0.0010996,0.14,0.16667,1.1774
175.69,40.68,-0.001224,0.14,0.16667,1.2826
175.74,40.68,-0.0012682,0.14,0.16667,1.3879
175.8,40.68,-0.0014412,0.14,0.16667,1.4932
176.05,40.68,-0.0019855,0.14,0.16667,1.5984
176.09,40.68,-0.0021743,0.14,0.16667,1.7037
176.16,40.68,-0.0022711,0.14,0.16667,1.8089
176.2,40.68,-0.0023677,0.14,0.16667,1.9142
176.27,40.68,-0.0025643,0.14,0.16667,2.0195
176.31,40.68,-0.002667,0.14,0.16667,2.1247
176.36,40.68,-0.0027647,0.14,0.16667,2.23
176.58,40.68,-0.0033854,0.14,0.16667,0.24
176.63,40.68,-0.003594,0.14,0.16667,0.34526
176.69,40.68,-0.0036013,0.14,0.16667,0.45053
177.22,40.68,-0.00049885,0.14,0.16667,0.55579
177.27,40.68,-0.00064554,0.14,0.16667,0.66105
177.33,40.68,-0.00064424,0.14,0.16667,0.76632
177.38,40.68,-0.00079943,0.14,0.16667,0.87158
177.44,40.68,-0.00092592,0.14,0.16667,0.97684
177.49,40.68,-0.00095819,0.14,0.16667,1.0821
177.53,40.68,-0.0011238,0.14,0.16667,1.1874
177.59,40.68,-0.0011947,0.14,0.16667,1.2926
177.64,40.68,-0.001293,0.14,0.16667,1.3979
177.7,40.68,-0.0014669,0.14,0.16667,1.5032
177.95,40.68,-0.0020154,0.14,0.16667,1.6084
178,40.68,-0.0022061,0.14,0.16667,1.7137
178.06,40.68,-0.002242,0.14,0.16667,1.8189
178.11,40.68,-0.0023997,0.14,0.16667,1.9242
178.16,40.68,-0.0025963,0.14,0.16667,2.0295
178.22,40.68,-0.0027251,0.14,0.16667,2.1347
178.27,40.68,-0.0027987,0.14,0.16667,2.24
178.47,40.68,-0.003422,0.14,0.16667,0.25
178.52,40.68,-0.0035277,0.14,0.16667,0.35526
178.58,40.68,-0.0036385,0.14,0.16667,0.46053
179.13,40.68,-0.00051737,0.14,0.16667,0.56579
179.17,40.68,-0.00066504,0.14,0.16667,0.67105
179.24,40.68,-0.00066443,0.14,0.16667,0.77632
179.28,40.68,-0.00081954,0.14,0.16667,0.88158
179.33,40.68,-0.00097794,0.14,0.16667,0.98684
179.39,40.68,-0.00098005,0.14,0.16667,1.0921
179.44,40.68,-0.0011458,0.14,0.16667,1.1974
179.5,40.68,-0.0012507,0.14,0.16667,1.3026
179.55,40.68,-0.0013172,0.14,0.16667,1.4079
179.61,40.68,-0.0014932,0.14,0.16667,1.5132
179.86,40.68,-0.0020442,0.14,0.16667,1.6184
179.91,40.68,-0.0022345,0.14,0.16667,1.7237
179.95,40.68,-0.002315,0.14,0.16667,1.8289
180.02,40.68,-0.0024303,0.14,0.16667,1.9342
180.06,40.68,-0.0026284,0.14,0.16667,2.0395
180.13,40.68,-0.0028046,0.14,0.16667,2.1447
180.17,40.68,-0.0028312,0.14,0.16667,2.25
180.38,40.68,-0.0034574,0.14,0.16667,0.26
180.42,40.68,-0.0036046,0.14,0.16667,0.36526
180.49,40.68,-0.003675,0.14,0.16667,0.47053
181.02,40.68,-0.00053433,0.14,0.16667,0.57579
181.08,40.68,-0.00068247,0.14,0.16667,0.68105
181.13,40.68,-0.00068424,0.14,0.16667,0.78632
181.19,40.68,-0.00084046,0.14,0.16667,0.89158
181.24,40.68,-0.001001,0.14,0.16667,0.99684
181.3,40.68,-0.0010021,0.14,0.16667,1.1021
181.34,40.68,-0.001169,0.14,0.16667,1.2074
181.39,40.68,-0.0012857,0.14,0.16667,1.3126
181.45,40.68,-0.0013407,0.14,0.16667,1.4179
181.5,40.68,-0.0015184,0.14,0.16667,1.5232
181.75,40.68,-0.0020726,0.14,0.16667,1.6284
181.81,40.68,-0.0022651,0.14,0.16667,1.7337
181.86,40.68,-0.0023632,0.14,0.16667,1.8389
181.92,40.68,-0.0024609,0.14,0.16667,1.9442
181.97,40.68,-0.002661,0.14,0.16667,2.0495
182.02,40.68,-0.0027613,0.14,0.16667,2.1547
182.08,40.68,-0.0028642,0.14,0.16667,2.26
182.28,40.68,-0.0034927,0.14,0.16667,0.27
182.33,40.68,-0.0036238,0.14,0.16667,0.37526
182.39,40.68,-0.0037119,0.14,0.16667,0.48053
182.92,40.68,-0.00055293,0.14,0.16667,0.58579
182.97,40.68,-0.00070349,0.14,0.16667,0.69105
183.03,40.68,-0.0007025,0.14,0.16667,0.79632
183.08,40.68,-0.00086127,0.14,0.16667,0.90158
183.14,40.68,-0.00098088,0.14,0.16667,1.0068
183.19,40.68,-0.001023,0.14,0.16667,1.1121
183.25,40.68,-0.0011925,0.14,0.16667,1.2174
183.3,40.68,-0.0012528,0.14,0.16667,1.3226
183.36,40.68,-0.0013653,0.14,0.16667,1.4279
183.41,40.68,-0.0015434,0.14,0.16667,1.5332
183.66,40.68,-0.0021006,0.14,0.16667,1.6384
183.7,40.68,-0.0022936,0.14,0.16667,1.7437
183.77,40.68,-0.0023801,0.14,0.16667,1.8489
183.81,40.68,-0.0024913,0.14,0.16667,1.9542
183.86,40.68,-0.0026921,0.14,0.16667,2.0595
183.92,40.68,-0.0027911,0.14,0.16667,2.1647
183.97,40.68,-0.0028959,0.14,0.16667,2.27
184.17,40.68,-0.0035276,0.14,0.16667,0.28
184.22,40.68,-0.003578,0.14,0.16667,0.38526
184.28,40.68,-0.003747,0.14,0.16667,0.49053
184.83,40.68,-0.0005704,0.14,0.16667,0.59579
184.88,40.68,-0.00072221,0.14,0.16667,0.70105
184.92,40.68,-0.00072255,0.14,0.16667,0.80632
184.99,40.68,-0.00088122,0.14,0.16667,0.91158
185.03,40.68,-0.0010021,0.14,0.16667,1.0168
185.09,40.68,-0.0010457,0.14,0.16667,1.1221
185.14,40.68,-0.0012165,0.14,0.16667,1.2274
185.2,40.68,-0.0012785,0.14,0.16667,1.3326
185.25,40.68,-0.0013893,0.14,0.16667,1.4379
185.3,40.68,-0.0015689,0.14,0.16667,1.5432
185.55,40.68,-0.002129,0.14,0.16667,1.6484
185.59,40.68,-0.0023228,0.14,0.16667,1.7537
185.66,40.68,-0.002388,0.14,0.16667,1.8589
185.7,40.68,-0.002521,0.14,0.16667,1.9642
185.77,40.68,-0.0027226,0.14,0.16667,2.0695
185.81,40.68,-0.0027988,0.14,0.16667,2.1747
185.88,40.68,-0.0029281,0.14,0.16667,2.28
186.08,40.68,-0.0035635,0.14,0.16667,0.29
186.14,40.68,-0.0037806,0.14,0.16667,0.39526
186.19,40.68,-0.0037841,0.14,0.16667,0.50053
186.72,40.68,-0.00058764,0.14,0.16667,0.60579
186.78,40.68,-0.0007416,0.14,0.16667,0.71105
186.83,40.68,-0.00073998,0.14,0.16667,0.81632
186.88,40.68,-0.00090219,0.14,0.16667,0.92158
186.94,40.68,-0.0010425,0.14,0.16667,1.0268
186.99,40.68,-0.001067,0.14,0.16667,1.1321
187.05,40.68,-0.0012379,0.14,0.16667,1.2374
187.09,40.68,-0.001317,0.14,0.16667,1.3426
187.16,40.68,-0.001414,0.14,0.16667,1.4479
187.2,40.68,-0.0015942,0.14,0.16667,1.5532
187.45,40.68,-0.0021579,0.14,0.16667,1.6584
187.5,40.68,-0.0023528,0.14,0.16667,1.7637
187.56,40.68,-0.0024384,0.14,0.16667,1.8689
187.61,40.68,-0.0025513,0.14,0.16667,1.9742
187.66,40.68,-0.0027539,0.14,0.16667,2.0795
187.72,40.68,-0.0028523,0.14,0.16667,2.1847
187.77,40.68,-0.0029606,0.14,0.16667,2.29
188.36,40.66,-0.0045085,0.14,0.33333,0.2
188.41,40.66,-0.0024424,0.14,0.33333,0.30526
188.47,40.66,-0.00026822,0.14,0.33333,0.41053
188.52,40.66,-0.00043505,0.14,0.33333,0.51579
188.58,40.66,-0.00044604,0.14,0.33333,0.62105
188.63,40.66,-0.00060956,0.14,0.33333,0.72632
188.67,40.66,-0.00079414,0.14,0.33333,0.83158
188.74,40.66,-0.00079338,0.14,0.33333,0.93684
188.78,40.66,-0.0009836,0.14,0.33333,1.0421
188.84,40.66,-0.0011755,0.14,0.33333,1.1474
189.13,40.66,-0.0017901,0.14,0.33333,1.2526
189.17,40.66,-0.002002,0.14,0.33333,1.3579
189.24,40.66,-0.0021458,0.14,0.33333,1.4632
189.28,40.66,-0.0022168,0.14,0.33333,1.5684
189.34,40.66,-0.0024357,0.14,0.33333,1.6737
189.39,40.66,-0.002587,0.14,0.33333,1.7789
189.44,40.66,-0.0026571,0.14,0.33333,1.8842
189.5,40.66,-0.0028812,0.14,0.33333,1.9895
189.75,40.66,-0.0035748,0.14,0.33333,2.0947
189.8,40.66,-0.0038109,0.14,0.33333,2.2
190,40.66,-0.0042964,0.14,0.33333,0.21
190.05,40.66,-0.0042999,0.14,0.33333,0.31526
190.11,40.66,-0.0043037,0.14,0.33333,0.42053
190.52,40.66,-0.00063061,0.14,0.33333,0.52579
190.58,40.66,-0.00081554,0.14,0.33333,0.63105
190.63,40.66,-0.00081418,0.14,0.33333,0.73632
190.69,40.66,-0.001006,0.14,0.33333,0.84158
190.74,40.66,-0.0011954,0.14,0.33333,0.94684
190.8,40.66,-0.0012011,0.14,0.33333,1.0521
190.84,40.66,-0.001403,0.14,0.33333,1.1574
190.89,40.66,-0.0016044,0.14,0.33333,1.2626
190.95,40.66,-0.0016074,0.14,0.33333,1.3679
191,40.66,-0.0018165,0.14,0.33333,1.4732
191.25,40.66,-0.0024651,0.14,0.33333,1.5784
191.31,40.66,-0.0026878,0.14,0.33333,1.6837
191.36,40.66,-0.0028316,0.14,0.33333,1.7889
191.41,40.66,-0.0029126,0.14,0.33333,1.8942
191.47,40.66,-0.0031405,0.14,0.33333,1.9995
191.52,40.66,-0.0032984,0.14,0.33333,2.1047
191.58,40.66,-0.0033729,0.14,0.33333,2.21
191.78,40.66,-0.0040845,0.14,0.33333,0.22
191.83,40.66,-0.004302,0.14,0.33333,0.32526
191.89,40.66,-0.0043294,0.14,0.33333,0.43053
192.42,40.66,-0.00065122,0.14,0.33333,0.53579
192.47,40.66,-0.00083728,0.14,0.33333,0.64105
192.53,40.66,-0.00083612,0.14,0.33333,0.74632
192.58,40.66,-0.0010289,0.14,0.33333,0.85158
192.64,40.66,-0.0011857,0.14,0.33333,0.95684
192.69,40.66,-0.0012254,0.14,0.33333,1.0621
192.74,40.66,-0.0014262,0.14,0.33333,1.1674
192.8,40.66,-0.0015113,0.14,0.33333,1.2726
192.84,40.66,-0.0016329,0.14,0.33333,1.3779
192.91,40.66,-0.001843,0.14,0.33333,1.4832
193.16,40.66,-0.0024937,0.14,0.33333,1.5884
193.2,40.66,-0.0027168,0.14,0.33333,1.6937
193.27,40.66,-0.0028054,0.14,0.33333,1.7989
193.31,40.66,-0.0029433,0.14,0.33333,1.9042
193.38,40.66,-0.0031727,0.14,0.33333,2.0095
193.42,40.66,-0.0033774,0.14,0.33333,2.1147
193.49,40.66,-0.0034049,0.14,0.33333,2.22
193.69,40.66,-0.0041198,0.14,0.33333,0.23
193.74,40.66,-0.004362,0.14,0.33333,0.33526
193.8,40.66,-0.0043671,0.14,0.33333,0.44053
194.33,40.66,-0.00067122,0.14,0.33333,0.54579
194.38,40.66,-0.00085362,0.14,0.33333,0.65105
194.44,40.66,-0.00085971,0.14,0.33333,0.75632
194.49,40.66,-0.0010524,0.14,0.33333,0.86158
194.53,40.66,-0.0012483,0.14,0.33333,0.96684
194.59,40.66,-0.0012503,0.14,0.33333,1.0721
194.64,40.66,-0.0014531,0.14,0.33333,1.1774
194.7,40.66,-0.0015782,0.14,0.33333,1.2826
194.75,40.66,-0.0016608,0.14,0.33333,1.3879
194.8,40.66,-0.0018701,0.14,0.33333,1.4932
195.06,40.66,-0.0025171,0.14,0.33333,1.5984
195.11,40.66,-0.0027484,0.14,0.33333,1.7037
195.17,40.66,-0.0028626,0.14,0.33333,1.8089
195.22,40.66,-0.002975,0.14,0.33333,1.9142
195.27,40.66,-0.0032058,0.14,0.33333,2.0195
195.33,40.66,-0.0033328,0.14,0.33333,2.1247
195.38,40.66,-0.0034389,0.14,0.33333,2.23
195.58,40.66,-0.0041568,0.14,0.33333,0.24
195.64,40.66,-0.0042775,0.14,0.33333,0.34526
195.69,40.66,-0.0043948,0.14,0.33333,0.45053
196.22,40.66,-0.00069142,0.14,0.33333,0.55579
196.28,40.66,-0.00088045,0.14,0.33333,0.66105
196.33,40.66,-0.0008781,0.14,0.33333,0.76632
196.39,40.66,-0.001074,0.14,0.33333,0.87158
196.44,40.66,-0.0012215,0.14,0.33333,0.97684
196.5,40.66,-0.0012736,0.14,0.33333,1.0821
196.55,40.66,-0.0014769,0.14,0.33333,1.1874
196.59,40.66,-0.0016416,0.14,0.33333,1.2926
196.66,40.66,-0.0016842,0.14,0.33333,1.3979
196.7,40.66,-0.0018958,0.14,0.33333,1.5032
196.95,40.66,-0.0025524,0.14,0.33333,1.6084
197.02,40.66,-0.0027773,0.14,0.33333,1.7137
197.06,40.66,-0.0029186,0.14,0.33333,1.8189
197.13,40.66,-0.003005,0.14,0.33333,1.9242
197.17,40.66,-0.0032357,0.14,0.33333,2.0295
197.22,40.66,-0.003384,0.14,0.33333,2.1347
197.28,40.66,-0.0034708,0.14,0.33333,2.24
197.49,40.66,-0.0041887,0.14,0.33333,0.25
197.53,40.66,-0.0043715,0.14,0.33333,0.35526
197.59,40.66,-0.0044362,0.14,0.33333,0.46053
198.13,40.66,-0.00071323,0.14,0.33333,0.56579
198.19,40.66,-0.0009026,0.14,0.33333,0.67105
198.24,40.66,-0.00090248,0.14,0.33333,0.77632
198.3,40.66,-0.0010976,0.14,0.33333,0.88158
198.34,40.66,-0.0012929,0.14,0.33333,0.98684
198.39,40.66,-0.0012981,0.14,0.33333,1.0921
198.45,40.66,-0.0015026,0.14,0.33333,1.1974
198.5,40.66,-0.0016214,0.14,0.33333,1.3026
198.56,40.66,-0.0017109,0.14,0.33333,1.4079
198.61,40.66,-0.0019237,0.14,0.33333,1.5132
198.86,40.66,-0.0025817,0.14,0.33333,1.6184
198.92,40.66,-0.0028079,0.14,0.33333,1.7237
198.97,40.66,-0.0028927,0.14,0.33333,1.8289
199.02,40.66,-0.0030365,0.14,0.33333,1.9342
199.08,40.66,-0.0032671,0.14,0.33333,2.0395
199.13,40.66,-0.0034663,0.14,0.33333,2.1447
199.19,40.66,-0.0035024,0.14,0.33333,2.25
199.39,40.66,-0.0042238,0.14,0.33333,0.26
199.44,40.66,-0.004467,0.14,0.33333,0.36526
199.5,40.66,-0.0044729,0.14,0.33333,0.47053
200.03,40.66,-0.00073398,0.14,0.33333,0.57579
200.08,40.66,-0.00092229,0.14,0.33333,0.68105
200.14,40.66,-0.00092499,0.14,0.33333,0.78632
200.19,40.66,-0.0011215,0.14,0.33333,0.89158
200.25,40.66,-0.0013219,0.14,0.33333,0.99684
200.3,40.66,-0.0013221,0.14,0.33333,1.1021
200.36,40.66,-0.0015276,0.14,0.33333,1.2074
200.41,40.66,-0.0016665,0.14,0.33333,1.3126
200.45,40.66,-0.0017373,0.14,0.33333,1.4179
200.52,40.66,-0.0019508,0.14,0.33333,1.5232
200.77,40.66,-0.0026117,0.14,0.33333,1.6284
200.81,40.66,-0.0028385,0.14,0.33333,1.7337
200.88,40.66,-0.0029398,0.14,0.33333,1.8389
200.92,40.66,-0.0030676,0.14,0.33333,1.9442
200.99,40.66,-0.0032994,0.14,0.33333,2.0495
201.03,40.66,-0.0034177,0.14,0.33333,2.1547
201.08,40.66,-0.0035359,0.14,0.33333,2.26
201.3,40.66,-0.004258,0.14,0.33333,0.27
201.36,40.66,-0.0045046,0.14,0.33333,0.37526
201.41,40.66,-0.0045085,0.14,0.33333,0.48053
201.94,40.66,-0.00075529,0.14,0.33333,0.58579
201.99,40.66,-0.0009478,0.14,0.33333,0.69105
202.05,40.66,-0.00094592,0.14,0.33333,0.79632
202.09,40.66,-0.0011444,0.14,0.33333,0.90158
202.14,40.66,-0.0013163,0.14,0.33333,1.0068
202.2,40.66,-0.0013467,0.14,0.33333,1.1121
202.25,40.66,-0.0015533,0.14,0.33333,1.2174
202.31,40.66,-0.0016525,0.14,0.33333,1.3226
202.36,40.66,-0.001764,0.14,0.33333,1.4279
202.42,40.66,-0.0019781,0.14,0.33333,1.5332
202.66,40.66,-0.0026403,0.14,0.33333,1.6384
202.72,40.66,-0.0028681,0.14,0.33333,1.7437
202.77,40.66,-0.0029708,0.14,0.33333,1.8489
202.83,40.66,-0.0030983,0.14,0.33333,1.9542
202.88,40.66,-0.0033307,0.14,0.33333,2.0595
202.92,40.66,-0.0034491,0.14,0.33333,2.1647
202.99,40.66,-0.0035675,0.14,0.33333,2.27
203.19,40.66,-0.004293,0.14,0.33333,0.28
203.24,40.66,-0.0044458,0.14,0.33333,0.38526
203.3,40.66,-0.0045437,0.14,0.33333,0.49053
203.83,40.66,-0.0007762,0.14,0.33333,0.59579
203.89,40.66,-0.00096961,0.14,0.33333,0.70105
203.94,40.66,-0.00096801,0.14,0.33333,0.80632
203.99,40.66,-0.001168,0.14,0.33333,0.91158
204.05,40.66,-0.001322,0.14,0.33333,1.0168
204.09,40.66,-0.0013711,0.14,0.33333,1.1221
204.16,40.66,-0.0015785,0.14,0.33333,1.2274
204.2,40.66,-0.0016589,0.14,0.33333,1.3326
204.27,40.66,-0.0017902,0.14,0.33333,1.4379
204.31,40.66,-0.0020058,0.14,0.33333,1.5432
204.56,40.66,-0.0026711,0.14,0.33333,1.6484
204.61,40.66,-0.0028992,0.14,0.33333,1.7537
204.67,40.66,-0.0030014,0.14,0.33333,1.8589
204.72,40.66,-0.0031301,0.14,0.33333,1.9642
204.78,40.66,-0.0033635,0.14,0.33333,2.0695
204.83,40.66,-0.0034771,0.14,0.33333,2.1747
204.88,40.66,-0.0036012,0.14,0.33333,2.28
205.09,40.66,-0.004329,0.14,0.33333,0.29
205.14,40.66,-0.0045767,0.14,0.33333,0.39526
205.2,40.66,-0.0045803,0.14,0.33333,0.50053
205.74,40.66,-0.00079893,0.14,0.33333,0.60579
205.78,40.66,-0.00099293,0.14,0.33333,0.71105
205.84,40.66,-0.00099255,0.14,0.33333,0.81632
205.89,40.66,-0.0011926,0.14,0.33333,0.92158
205.94,40.66,-0.0013712,0.14,0.33333,1.0268
206,40.66,-0.001396,0.14,0.33333,1.1321
206.05,40.66,-0.0016048,0.14,0.33333,1.2374
206.11,40.66,-0.0017088,0.14,0.33333,1.3426
206.16,40.66,-0.0018173,0.14,0.33333,1.4479
206.22,40.66,-0.0020335,0.14,0.33333,1.5532
206.45,40.66,-0.0027015,0.14,0.33333,1.6584
206.52,40.66,-0.0029305,0.14,0.33333,1.7637
206.56,40.66,-0.0030045,0.14,0.33333,1.8689
206.61,40.66,-0.003162,0.14,0.33333,1.9742
206.67,40.66,-0.0033967,0.14,0.33333,2.0795
206.72,40.66,-0.0034832,0.14,0.33333,2.1847
206.78,40.66,-0.0036349,0.14,0.33333,2.29
207.25,40.65,-0.0049985,0.14,0.5,0.2
207.31,40.65,-0.0050028,0.14,0.5,0.30526
207.36,40.65,-0.0050065,0.14,0.5,0.41053
207.41,40.65,-0.0047384,0.14,0.5,0.51579
207.47,40.65,-0.00032509,0.14,0.5,0.62105
207.52,40.65,-0.00050908,0.14,0.5,0.72632
207.8,40.65,-0.0011458,0.14,0.5,0.83158
207.86,40.65,-0.0013657,0.14,0.5,0.93684
207.91,40.65,-0.0013785,0.14,0.5,1.0421
207.95,40.65,-0.0015883,0.14,0.5,1.1474
208.02,40.65,-0.0018154,0.14,0.5,1.2526
208.06,40.65,-0.001816,0.14,0.5,1.3579
208.13,40.65,-0.0020456,0.14,0.5,1.4632
208.17,40.65,-0.0022799,0.14,0.5,1.5684
208.44,40.65,-0.0029978,0.14,0.5,1.6737
208.49,40.65,-0.0032423,0.14,0.5,1.7789
208.55,40.65,-0.0033347,0.14,0.5,1.8842
208.59,40.65,-0.00349,0.14,0.5,1.9895
208.66,40.65,-0.0037411,0.14,0.5,2.0947
208.7,40.65,-0.0038789,0.14,0.5,2.2
208.91,40.65,-0.0045094,0.14,0.5,0.21
208.95,40.65,-0.0047686,0.14,0.5,0.31526
209.02,40.65,-0.0047726,0.14,0.5,0.42053
209.53,40.65,-0.00074343,0.14,0.5,0.52579
209.58,40.65,-0.00095382,0.14,0.5,0.63105
209.64,40.65,-0.00095238,0.14,0.5,0.73632
209.69,40.65,-0.0011688,0.14,0.5,0.84158
209.75,40.65,-0.0013539,0.14,0.5,0.94684
209.8,40.65,-0.0013893,0.14,0.5,1.0521
209.84,40.65,-0.0016127,0.14,0.5,1.1574
209.91,40.65,-0.0017139,0.14,0.5,1.2626
209.95,40.65,-0.00184,0.14,0.5,1.3679
210.02,40.65,-0.0020717,0.14,0.5,1.4732
210.27,40.65,-0.0027825,0.14,0.5,1.5784
210.31,40.65,-0.003026,0.14,0.5,1.6837
210.38,40.65,-0.0031132,0.14,0.5,1.7889
210.42,40.65,-0.003272,0.14,0.5,1.8942
210.49,40.65,-0.0035191,0.14,0.5,1.9995
210.53,40.65,-0.003731,0.14,0.5,2.1047
210.58,40.65,-0.0037705,0.14,0.5,2.21
210.8,40.65,-0.0045396,0.14,0.5,0.22
210.84,40.65,-0.0047989,0.14,0.5,0.32526
210.91,40.65,-0.0048034,0.14,0.5,0.43053
211.44,40.65,-0.00076522,0.14,0.5,0.53579
211.49,40.65,-0.00097546,0.14,0.5,0.64105
211.53,40.65,-0.00097629,0.14,0.5,0.74632
211.59,40.65,-0.0011934,0.14,0.5,0.85158
211.64,40.65,-0.0014073,0.14,0.5,0.95684
211.7,40.65,-0.0014123,0.14,0.5,1.0621
211.75,40.65,-0.0016381,0.14,0.5,1.1674
211.81,40.65,-0.0017683,0.14,0.5,1.2726
211.86,40.65,-0.0018653,0.14,0.5,1.3779
211.91,40.65,-0.0020979,0.14,0.5,1.4832
212.17,40.65,-0.0028117,0.14,0.5,1.5884
212.22,40.65,-0.0030539,0.14,0.5,1.6937
212.27,40.65,-0.0031782,0.14,0.5,1.7989
212.33,40.65,-0.0033006,0.14,0.5,1.9042
212.38,40.65,-0.0035492,0.14,0.5,2.0095
212.44,40.65,-0.0036793,0.14,0.5,2.1147
212.49,40.65,-0.0038011,0.14,0.5,2.22
212.69,40.65,-0.0045712,0.14,0.5,0.23
212.74,40.65,-0.0046368,0.14,0.5,0.33526
212.8,40.65,-0.0048344,0.14,0.5,0.44053
213.33,40.65,-0.00078655,0.14,0.5,0.54579
213.39,40.65,-0.00099922,0.14,0.5,0.65105
213.44,40.65,-0.00099849,0.14,0.5,0.75632
213.5,40.65,-0.0012156,0.14,0.5,0.86158
213.55,40.65,-0.0013913,0.14,0.5,0.96684
213.61,40.65,-0.0014373,0.14,0.5,1.0721
213.66,40.65,-0.0016625,0.14,0.5,1.1774
213.7,40.65,-0.0017541,0.14,0.5,1.2826
213.77,40.65,-0.0018911,0.14,0.5,1.3879
213.81,40.65,-0.0021239,0.14,0.5,1.4932
214.06,40.65,-0.0028395,0.14,0.5,1.5984
214.13,40.65,-0.0030824,0.14,0.5,1.7037
214.17,40.65,-0.0031719,0.14,0.5,1.8089
214.24,40.65,-0.0033305,0.14,0.5,1.9142
214.28,40.65,-0.0035792,0.14,0.5,2.0195
214.34,40.65,-0.003783,0.14,0.5,2.1247
214.39,40.65,-0.0038316,0.14,0.5,2.23
214.59,40.65,-0.0046033,0.14,0.5,0.24
214.64,40.65,-0.0048109,0.14,0.5,0.34526
214.7,40.65,-0.0048674,0.14,0.5,0.45053
215.24,40.65,-0.00080918,0.14,0.5,0.55579
215.3,40.65,-0.0010226,0.14,0.5,0.66105
215.34,40.65,-0.0010217,0.14,0.5,0.76632
215.41,40.65,-0.0012405,0.14,0.5,0.87158
215.45,40.65,-0.0014608,0.14,0.5,0.97684
215.5,40.65,-0.0014626,0.14,0.5,1.0821
215.56,40.65,-0.0016888,0.14,0.5,1.1874
215.61,40.65,-0.0018333,0.14,0.5,1.2926
215.67,40.65,-0.0019177,0.14,0.5,1.3979
215.72,40.65,-0.0021511,0.14,0.5,1.5032
215.97,40.65,-0.0028688,0.14,0.5,1.6084
216.02,40.65,-0.0031134,0.14,0.5,1.7137
216.08,40.65,-0.0032194,0.14,0.5,1.8189
216.13,40.65,-0.00336,0.14,0.5,1.9242
216.19,40.65,-0.0036105,0.14,0.5,2.0295
216.24,40.65,-0.0037226,0.14,0.5,2.1347
216.3,40.65,-0.0038632,0.14,0.5,2.24
216.5,40.65,-0.004637,0.14,0.5,0.25
216.55,40.65,-0.0048986,0.14,0.5,0.35526
216.61,40.65,-0.0049039,0.14,0.5,0.46053
217.14,40.65,-0.00083144,0.14,0.5,0.56579
217.19,40.65,-0.0010457,0.14,0.5,0.67105
217.25,40.65,-0.0010454,0.14,0.5,0.77632
217.3,40.65,-0.0012643,0.14,0.5,0.88158
217.36,40.65,-0.0014323,0.14,0.5,0.98684
217.41,40.65,-0.0014879,0.14,0.5,1.0921
217.47,40.65,-0.0017152,0.14,0.5,1.1974
217.52,40.65,-0.0019007,0.14,0.5,1.3026
217.56,40.65,-0.0019443,0.14,0.5,1.4079
217.63,40.65,-0.0021781,0.14,0.5,1.5132
217.88,40.65,-0.0028985,0.14,0.5,1.6184
217.92,40.65,-0.0031428,0.14,0.5,1.7237
217.99,40.65,-0.0032548,0.14,0.5,1.8289
218.03,40.65,-0.0033916,0.14,0.5,1.9342
218.08,40.65,-0.0036418,0.14,0.5,2.0395
218.14,40.65,-0.0037641,0.14,0.5,2.1447
218.19,40.65,-0.003896,0.14,0.5,2.25
218.39,40.65,-0.0046697,0.14,0.5,0.26
218.44,40.65,-0.0047224,0.14,0.5,0.36526
218.5,40.65,-0.0049366,0.14,0.5,0.47053
219.05,40.65,-0.00085441,0.14,0.5,0.57579
219.09,40.65,-0.0010699,0.14,0.5,0.68105
219.16,40.65,-0.001069,0.14,0.5,0.78632
219.2,40.65,-0.0012895,0.14,0.5,0.89158
219.27,40.65,-0.0015023,0.14,0.5,0.99684
219.31,40.65,-0.001512,0.14,0.5,1.1021
219.36,40.65,-0.0017409,0.14,0.5,1.2074
219.42,40.65,-0.0018706,0.14,0.5,1.3126
219.47,40.65,-0.0019722,0.14,0.5,1.4179
219.53,40.65,-0.0022071,0.14,0.5,1.5232
219.78,40.65,-0.002929,0.14,0.5,1.6284
219.83,40.65,-0.0031737,0.14,0.5,1.7337
219.89,40.65,-0.0032516,0.14,0.5,1.8389
219.94,40.65,-0.0034231,0.14,0.5,1.9442
219.99,40.65,-0.0036742,0.14,0.5,2.0495
220.05,40.65,-0.0038773,0.14,0.5,2.1547
220.09,40.65,-0.0039294,0.14,0.5,2.26
220.3,40.65,-0.0047044,0.14,0.5,0.27
220.34,40.65,-0.0048862,0.14,0.5,0.37526
220.41,40.65,-0.0049723,0.14,0.5,0.48053
220.95,40.65,-0.00087766,0.14,0.5,0.58579
221,40.65,-0.0010936,0.14,0.5,0.69105
221.06,40.65,-0.0010923,0.14,0.5,0.79632
221.11,40.65,-0.0013148,0.14,0.5,0.90158
221.16,40.65,-0.0015388,0.14,0.5,1.0068
221.22,40.65,-0.0015387,0.14,0.5,1.1121
221.27,40.65,-0.0017678,0.14,0.5,1.2174
221.33,40.65,-0.0019465,0.14,0.5,1.3226
221.38,40.65,-0.0020004,0.14,0.5,1.4279
221.44,40.65,-0.002235,0.14,0.5,1.5332
221.67,40.65,-0.0029583,0.14,0.5,1.6384
221.72,40.65,-0.003205,0.14,0.5,1.7437
221.78,40.65,-0.0032539,0.14,0.5,1.8489
221.83,40.65,-0.0034544,0.14,0.5,1.9542
221.89,40.65,-0.003706,0.14,0.5,2.0595
221.94,40.65,-0.003867,0.14,0.5,2.1647
222,40.65,-0.0039619,0.14,0.5,2.27
222.2,40.65,-0.004741,0.14,0.5,0.28
222.27,40.65,-0.005003,0.14,0.5,0.38526
222.31,40.65,-0.0050094,0.14,0.5,0.49053
222.84,40.65,-0.00090118,0.14,0.5,0.59579
222.89,40.65,-0.0011184,0.14,0.5,0.70105
222.95,40.65,-0.0011174,0.14,0.5,0.80632
223,40.65,-0.0013399,0.14,0.5,0.91158
223.06,40.65,-0.001562,0.14,0.5,1.0168
223.11,40.65,-0.001565,0.14,0.5,1.1221
223.17,40.65,-0.0017955,0.14,0.5,1.2274
223.22,40.65,-0.0019365,0.14,0.5,1.3326
223.28,40.65,-0.0020467,0.14,0.5,1.4379
223.34,40.65,-0.0022646,0.14,0.5,1.5432
223.39,40.65,-0.002503,0.14,0.5,1.6484
223.66,40.65,-0.0032377,0.14,0.5,1.7537
223.7,40.65,-0.0034865,0.14,0.5,1.8589
223.75,40.65,-0.0036153,0.14,0.5,1.9642
223.81,40.65,-0.0037394,0.14,0.5,2.0695
223.86,40.65,-0.0039937,0.14,0.5,2.1747
223.92,40.65,-0.0041365,0.14,0.5,2.28
224.13,40.65,-0.0047776,0.14,0.5,0.29
224.17,40.65,-0.0050424,0.14,0.5,0.39526
224.24,40.65,-0.0050478,0.14,0.5,0.50053
224.74,40.65,-0.00092405,0.14,0.5,0.60579
224.8,40.65,-0.0011424,0.14,0.5,0.71105
224.84,40.65,-0.0011417,0.14,0.5,0.81632
224.91,40.65,-0.0013647,0.14,0.5,0.92158
224.95,40.65,-0.001549,0.14,0.5,1.0268
225.02,40.65,-0.0015912,0.14,0.5,1.1321
225.06,40.65,-0.001822,0.14,0.5,1.2374
225.11,40.65,-0.0019399,0.14,0.5,1.3426
225.17,40.65,-0.002055,0.14,0.5,1.4479
225.22,40.65,-0.0022921,0.14,0.5,1.5532
225.47,40.65,-0.0030201,0.14,0.5,1.6584
225.52,40.65,-0.003268,0.14,0.5,1.7637
225.58,40.65,-0.0033775,0.14,0.5,1.8689
225.63,40.65,-0.0035192,0.14,0.5,1.9742
225.69,40.65,-0.0037716,0.14,0.5,2.0795
225.74,40.65,-0.0038933,0.14,0.5,2.1847
225.8,40.65,-0.0040283,0.14,0.5,2.29
226.38,40.64,-0.0053472,0.14,0.66667,0.2
226.42,40.64,-0.0035366,0.14,0.66667,0.30526
226.49,40.64,-0.00036579,0.14,0.66667,0.41053
226.53,40.64,-0.00057767,0.14,0.66667,0.51579
226.59,40.64,-0.00057773,0.14,0.66667,0.62105
226.64,40.64,-0.00079946,0.14,0.66667,0.72632
226.7,40.64,-0.0010265,0.14,0.66667,0.83158
226.75,40.64,-0.0010255,0.14,0.66667,0.93684
226.8,40.64,-0.0012573,0.14,0.66667,1.0421
226.86,40.64,-0.0014617,0.14,0.66667,1.1474
227.14,40.64,-0.0022209,0.14,0.66667,1.2526
227.19,40.64,-0.00247,0.14,0.66667,1.3579
227.25,40.64,-0.0026134,0.14,0.66667,1.4632
227.3,40.64,-0.0027209,0.14,0.66667,1.5684
227.36,40.64,-0.0029745,0.14,0.66667,1.6737
227.41,40.64,-0.0031276,0.14,0.66667,1.7789
227.47,40.64,-0.0032314,0.14,0.66667,1.8842
227.52,40.64,-0.0034894,0.14,0.66667,1.9895
227.77,40.64,-0.0042813,0.14,0.66667,2.0947
227.81,40.64,-0.0045485,0.14,0.66667,2.2
228.02,40.64,-0.0050969,0.14,0.66667,0.21
228.08,40.64,-0.0051016,0.14,0.66667,0.31526
228.13,40.64,-0.0051054,0.14,0.66667,0.42053
228.55,40.64,-0.00082129,0.14,0.66667,0.52579
228.59,40.64,-0.0010482,0.14,0.66667,0.63105
228.66,40.64,-0.0010488,0.14,0.66667,0.73632
228.7,40.64,-0.0012816,0.14,0.66667,0.84158
228.75,40.64,-0.0014988,0.14,0.66667,0.94684
228.81,40.64,-0.0015178,0.14,0.66667,1.0521
228.86,40.64,-0.0017583,0.14,0.66667,1.1574
228.92,40.64,-0.0018895,0.14,0.66667,1.2626
228.97,40.64,-0.0019996,0.14,0.66667,1.3679
229.02,40.64,-0.0022463,0.14,0.66667,1.4732
229.28,40.64,-0.0030013,0.14,0.66667,1.5784
229.33,40.64,-0.0032578,0.14,0.66667,1.6837
229.38,40.64,-0.0033394,0.14,0.66667,1.7889
229.44,40.64,-0.0035172,0.14,0.66667,1.8942
229.49,40.64,-0.0037788,0.14,0.66667,1.9995
229.55,40.64,-0.0039774,0.14,0.66667,2.1047
229.59,40.64,-0.0040434,0.14,0.66667,2.21
229.8,40.64,-0.0048493,0.14,0.66667,0.22
229.84,40.64,-0.0050389,0.14,0.66667,0.32526
229.91,40.64,-0.0051261,0.14,0.66667,0.43053
230.44,40.64,-0.00084371,0.14,0.66667,0.53579
230.5,40.64,-0.0010724,0.14,0.66667,0.64105
230.55,40.64,-0.0010717,0.14,0.66667,0.74632
230.61,40.64,-0.0013048,0.14,0.66667,0.85158
230.66,40.64,-0.0015315,0.14,0.66667,0.95684
230.7,40.64,-0.0015417,0.14,0.66667,1.0621
230.77,40.64,-0.0017827,0.14,0.66667,1.1674
230.81,40.64,-0.0019167,0.14,0.66667,1.2726
230.88,40.64,-0.0020257,0.14,0.66667,1.3779
230.92,40.64,-0.0022729,0.14,0.66667,1.4832
231.17,40.64,-0.0030291,0.14,0.66667,1.5884
231.24,40.64,-0.0032859,0.14,0.66667,1.6937
231.28,40.64,-0.0033683,0.14,0.66667,1.7989
231.33,40.64,-0.0035465,0.14,0.66667,1.9042
231.39,40.64,-0.0038077,0.14,0.66667,2.0095
231.44,40.64,-0.0040087,0.14,0.66667,2.1147
231.5,40.64,-0.0040736,0.14,0.66667,2.22
231.7,40.64,-0.0048815,0.14,0.66667,0.23
231.77,40.64,-0.0051533,0.14,0.66667,0.33526
231.81,40.64,-0.0051595,0.14,0.66667,0.44053
232.34,40.64,-0.00086805,0.14,0.66667,0.54579
232.41,40.64,-0.0010952,0.14,0.66667,0.65105
232.45,40.64,-0.0010968,0.14,0.66667,0.75632
232.5,40.64,-0.00133,0.14,0.66667,0.86158
232.56,40.64,-0.0015666,0.14,0.66667,0.96684
232.61,40.64,-0.0015672,0.14,0.66667,1.0721
232.67,40.64,-0.0018082,0.14,0.66667,1.1774
232.72,40.64,-0.0019771,0.14,0.66667,1.2826
232.78,40.64,-0.0020526,0.14,0.66667,1.3879
232.83,40.64,-0.0022995,0.14,0.66667,1.4932
233.08,40.64,-0.0030582,0.14,0.66667,1.5984
233.13,40.64,-0.0033156,0.14,0.66667,1.7037
233.19,40.64,-0.0033983,0.14,0.66667,1.8089
233.24,40.64,-0.0035758,0.14,0.66667,1.9142
233.3,40.64,-0.0038373,0.14,0.66667,2.0195
233.34,40.64,-0.0039322,0.14,0.66667,2.1247
233.39,40.64,-0.004103,0.14,0.66667,2.23
233.61,40.64,-0.0049133,0.14,0.66667,0.24
233.67,40.64,-0.0051873,0.14,0.66667,0.34526
233.72,40.64,-0.0051916,0.14,0.66667,0.45053
234.25,40.64,-0.00089044,0.14,0.66667,0.55579
234.3,40.64,-0.0011165,0.14,0.66667,0.66105
234.34,40.64,-0.0011199,0.14,0.66667,0.76632
234.41,40.64,-0.0013542,0.14,0.66667,0.87158
234.45,40.64,-0.0015913,0.14,0.66667,0.97684
234.52,40.64,-0.0015932,0.14,0.66667,1.0821
234.56,40.64,-0.0018345,0.14,0.66667,1.1874
234.63,40.64,-0.0019829,0.14,0.66667,1.2926
234.67,40.64,-0.0020794,0.14,0.66667,1.3979
234.72,40.64,-0.0023273,0.14,0.66667,1.5032
234.99,40.64,-0.0030871,0.14,0.66667,1.6084
235.03,40.64,-0.0033454,0.14,0.66667,1.7137
235.09,40.64,-0.0034808,0.14,0.66667,1.8189
235.14,40.64,-0.0036063,0.14,0.66667,1.9242
235.19,40.64,-0.0038689,0.14,0.66667,2.0295
235.25,40.64,-0.004014,0.14,0.66667,2.1347
235.3,40.64,-0.0041352,0.14,0.66667,2.24
235.5,40.64,-0.004945,0.14,0.66667,0.25
235.55,40.64,-0.0050511,0.14,0.66667,0.35526
235.61,40.64,-0.0052237,0.14,0.66667,0.46053
236.14,40.64,-0.00091443,0.14,0.66667,0.56579
236.2,40.64,-0.0011453,0.14,0.66667,0.67105
236.25,40.64,-0.0011448,0.14,0.66667,0.77632
236.31,40.64,-0.0013797,0.14,0.66667,0.88158
236.36,40.64,-0.0015623,0.14,0.66667,0.98684
236.42,40.64,-0.001619,0.14,0.66667,1.0921
236.47,40.64,-0.0018615,0.14,0.66667,1.1974
236.52,40.64,-0.001949,0.14,0.66667,1.3026
236.58,40.64,-0.002106,0.14,0.66667,1.4079
236.63,40.64,-0.0023549,0.14,0.66667,1.5132
236.88,40.64,-0.0031167,0.14,0.66667,1.6184
236.94,40.64,-0.0033746,0.14,0.66667,1.7237
236.99,40.64,-0.0035236,0.14,0.66667,1.8289
237.05,40.64,-0.003636,0.14,0.66667,1.9342
237.09,40.64,-0.0038993,0.14,0.66667,2.0395
237.14,40.64,-0.0040637,0.14,0.66667,2.1447
237.2,40.64,-0.0041665,0.14,0.66667,2.25
237.41,40.64,-0.0049781,0.14,0.66667,0.26
237.45,40.64,-0.0051692,0.14,0.66667,0.36526
237.52,40.64,-0.0052577,0.14,0.66667,0.47053
238.05,40.64,-0.00093847,0.14,0.66667,0.57579
238.11,40.64,-0.0011702,0.14,0.66667,0.68105
238.16,40.64,-0.0011695,0.14,0.66667,0.78632
238.22,40.64,-0.0014064,0.14,0.66667,0.89158
238.27,40.64,-0.0016405,0.14,0.66667,0.99684
238.31,40.64,-0.0016444,0.14,0.66667,1.1021
238.38,40.64,-0.0018884,0.14,0.66667,1.2074
238.42,40.64,-0.0020383,0.14,0.66667,1.3126
238.49,40.64,-0.0021341,0.14,0.66667,1.4179
238.53,40.64,-0.0023839,0.14,0.66667,1.5232
238.78,40.64,-0.0031473,0.14,0.66667,1.6284
238.84,40.64,-0.003406,0.14,0.66667,1.7337
238.89,40.64,-0.0035074,0.14,0.66667,1.8389
238.94,40.64,-0.0036685,0.14,0.66667,1.9442
239,40.64,-0.003932,0.14,0.66667,2.0495
239.05,40.64,-0.0040417,0.14,0.66667,2.1547
239.11,40.64,-0.0041996,0.14,0.66667,2.26
239.31,40.64,-0.0050136,0.14,0.66667,0.27
239.36,40.64,-0.0052865,0.14,0.66667,0.37526
239.42,40.64,-0.0052931,0.14,0.66667,0.48053
239.95,40.64,-0.00096299,0.14,0.66667,0.58579
240.02,40.64,-0.0011959,0.14,0.66667,0.69105
240.06,40.64,-0.0011944,0.14,0.66667,0.79632
240.11,40.64,-0.0014321,0.14,0.66667,0.90158
240.17,40.64,-0.0016722,0.14,0.66667,1.0068
240.22,40.64,-0.0016716,0.14,0.66667,1.1121
240.28,40.64,-0.0019165,0.14,0.66667,1.2174
240.33,40.64,-0.0021285,0.14,0.66667,1.3226
240.39,40.64,-0.0021623,0.14,0.66667,1.4279
240.44,40.64,-0.0024121,0.14,0.66667,1.5332
240.69,40.64,-0.0031764,0.14,0.66667,1.6384
240.74,40.64,-0.0034369,0.14,0.66667,1.7437
240.78,40.64,-0.0035349,0.14,0.66667,1.8489
240.84,40.64,-0.0036988,0.14,0.66667,1.9542
240.89,40.64,-0.0039639,0.14,0.66667,2.0595
240.95,40.64,-0.0041932,0.14,0.66667,2.1647
241,40.64,-0.0042314,0.14,0.66667,2.27
241.2,40.64,-0.0050477,0.14,0.66667,0.28
241.27,40.64,-0.005308,0.14,0.66667,0.38526
241.31,40.64,-0.0053274,0.14,0.66667,0.49053
241.86,40.64,-0.00098703,0.14,0.66667,0.59579
241.91,40.64,-0.0012198,0.14,0.66667,0.70105
241.95,40.64,-0.0012201,0.14,0.66667,0.80632
242.02,40.64,-0.0014577,0.14,0.66667,0.91158
242.06,40.64,-0.0016982,0.14,0.66667,1.0168
242.13,40.64,-0.0016997,0.14,0.66667,1.1221
242.17,40.64,-0.001944,0.14,0.66667,1.2274
242.22,40.64,-0.0021039,0.14,0.66667,1.3326
242.28,40.64,-0.0021912,0.14,0.66667,1.4379
242.33,40.64,-0.0024412,0.14,0.66667,1.5432
242.58,40.64,-0.0032083,0.14,0.66667,1.6484
242.64,40.64,-0.003469,0.14,0.66667,1.7537
242.69,40.64,-0.0035528,0.14,0.66667,1.8589
242.74,40.64,-0.0037318,0.14,0.66667,1.9642
242.8,40.64,-0.0039965,0.14,0.66667,2.0695
242.84,40.64,-0.0042056,0.14,0.66667,2.1747
242.91,40.64,-0.0042649,0.14,0.66667,2.28
243.11,40.64,-0.0050834,0.14,0.66667,0.29
243.17,40.64,-0.0053579,0.14,0.66667,0.39526
243.22,40.64,-0.0053641,0.14,0.66667,0.50053
243.75,40.64,-0.0010121,0.14,0.66667,0.60579
243.8,40.64,-0.0012464,0.14,0.66667,0.71105
243.86,40.64,-0.0012455,0.14,0.66667,0.81632
243.91,40.64,-0.0014847,0.14,0.66667,0.92158
243.97,40.64,-0.0017185,0.14,0.66667,1.0268
244.02,40.64,-0.0017256,0.14,0.66667,1.1321
244.06,40.64,-0.001971,0.14,0.66667,1.2374
244.13,40.64,-0.0021124,0.14,0.66667,1.3426
244.17,40.64,-0.0022192,0.14,0.66667,1.4479
244.24,40.64,-0.0024706,0.14,0.66667,1.5532
244.47,40.64,-0.0032395,0.14,0.66667,1.6584
244.53,40.64,-0.0034992,0.14,0.66667,1.7637
244.58,40.64,-0.0036316,0.14,0.66667,1.8689
244.64,40.64,-0.0037642,0.14,0.66667,1.9742
244.69,40.64,-0.0040284,0.14,0.66667,2.0795
244.75,40.64,-0.0041677,0.14,0.66667,2.1847
244.8,40.64,-0.004298,0.14,0.66667,2.29
245.27,40.63,-0.0055938,0.14,0.83333,0.2
245.33,40.63,-0.0055972,0.14,0.83333,0.30526
245.38,40.63,-0.0056026,0.14,0.83333,0.41053
245.42,40.63,-0.0055916,0.14,0.83333,0.51579
245.49,40.63,-0.0003964,0.14,0.83333,0.62105
245.53,40.63,-0.00059192,0.14,0.83333,0.72632
245.81,40.63,-0.0013423,0.14,0.83333,0.83158
245.88,40.63,-0.0015907,0.14,0.83333,0.93684
245.92,40.63,-0.0016187,0.14,0.83333,1.0421
245.99,40.63,-0.0018414,0.14,0.83333,1.1474
246.03,40.63,-0.0020957,0.14,0.83333,1.2526
246.08,40.63,-0.0020958,0.14,0.83333,1.3579
246.14,40.63,-0.0023532,0.14,0.83333,1.4632
246.19,40.63,-0.002613,0.14,0.83333,1.5684
246.45,40.63,-0.003407,0.14,0.83333,1.6737
246.52,40.63,-0.0036754,0.14,0.83333,1.7789
246.56,40.63,-0.0038298,0.14,0.83333,1.8842
246.61,40.63,-0.0039475,0.14,0.83333,1.9895
246.67,40.63,-0.0042195,0.14,0.83333,2.0947
246.72,40.63,-0.0043875,0.14,0.83333,2.2
246.92,40.63,-0.0050566,0.14,0.83333,0.21
246.97,40.63,-0.0053383,0.14,0.83333,0.31526
247.03,40.63,-0.005343,0.14,0.83333,0.42053
247.55,40.63,-0.00088029,0.14,0.83333,0.52579
247.61,40.63,-0.0011213,0.14,0.83333,0.63105
247.66,40.63,-0.0011212,0.14,0.83333,0.73632
247.7,40.63,-0.0013664,0.14,0.83333,0.84158
247.77,40.63,-0.0016073,0.14,0.83333,0.94684
247.81,40.63,-0.0016134,0.14,0.83333,1.0521
247.88,40.63,-0.0018658,0.14,0.83333,1.1574
247.92,40.63,-0.0020198,0.14,0.83333,1.2626
247.97,40.63,-0.00212,0.14,0.83333,1.3679
248.03,40.63,-0.0023773,0.14,0.83333,1.4732
248.28,40.63,-0.0031654,0.14,0.83333,1.5784
248.33,40.63,-0.0034325,0.14,0.83333,1.6837
248.39,40.63,-0.0035346,0.14,0.83333,1.7889
248.44,40.63,-0.0037025,0.14,0.83333,1.8942
248.5,40.63,-0.003973,0.14,0.83333,1.9995
248.55,40.63,-0.0040917,0.14,0.83333,2.1047
248.59,40.63,-0.0042483,0.14,0.83333,2.21
248.81,40.63,-0.005084,0.14,0.83333,0.22
248.86,40.63,-0.0053647,0.14,0.83333,0.32526
248.92,40.63,-0.0053703,0.14,0.83333,0.43053
249.45,40.63,-0.00090469,0.14,0.83333,0.53579
249.5,40.63,-0.0011447,0.14,0.83333,0.64105
249.56,40.63,-0.001145,0.14,0.83333,0.74632
249.61,40.63,-0.0013901,0.14,0.83333,0.85158
249.67,40.63,-0.0016393,0.14,0.83333,0.95684
249.72,40.63,-0.0016396,0.14,0.83333,1.0621
249.77,40.63,-0.001892,0.14,0.83333,1.1674
249.83,40.63,-0.0021014,0.14,0.83333,1.2726
249.88,40.63,-0.0021462,0.14,0.83333,1.3779
249.94,40.63,-0.0024046,0.14,0.83333,1.4832
250.19,40.63,-0.0031929,0.14,0.83333,1.5884
250.24,40.63,-0.0034602,0.14,0.83333,1.6937
250.3,40.63,-0.0036577,0.14,0.83333,1.7989
250.34,40.63,-0.0037314,0.14,0.83333,1.9042
250.41,40.63,-0.0040017,0.14,0.83333,2.0095
250.45,40.63,-0.0042114,0.14,0.83333,2.1147
250.5,40.63,-0.0042781,0.14,0.83333,2.22
250.72,40.63,-0.0051149,0.14,0.83333,0.23
250.78,40.63,-0.0053976,0.14,0.83333,0.33526
250.83,40.63,-0.0054019,0.14,0.83333,0.44053
251.36,40.63,-0.0009282,0.14,0.83333,0.54579
251.41,40.63,-0.0011702,0.14,0.83333,0.65105
251.45,40.63,-0.0011698,0.14,0.83333,0.75632
251.52,40.63,-0.0014159,0.14,0.83333,0.86158
251.56,40.63,-0.0016359,0.14,0.83333,0.96684
251.63,40.63,-0.0016649,0.14,0.83333,1.0721
251.67,40.63,-0.0019182,0.14,0.83333,1.1774
251.74,40.63,-0.0020337,0.14,0.83333,1.2826
251.78,40.63,-0.0021736,0.14,0.83333,1.3879
251.83,40.63,-0.0024322,0.14,0.83333,1.4932
252.09,40.63,-0.003222,0.14,0.83333,1.5984
252.14,40.63,-0.0034894,0.14,0.83333,1.7037
252.19,40.63,-0.0035914,0.14,0.83333,1.8089
252.25,40.63,-0.0037601,0.14,0.83333,1.9142
252.3,40.63,-0.0040319,0.14,0.83333,2.0195
252.36,40.63,-0.0042622,0.14,0.83333,2.1247
252.41,40.63,-0.004307,0.14,0.83333,2.23
252.61,40.63,-0.0051449,0.14,0.83333,0.24
252.66,40.63,-0.0053764,0.14,0.83333,0.34526
252.72,40.63,-0.0054326,0.14,0.83333,0.45053
253.25,40.63,-0.00095239,0.14,0.83333,0.55579
253.31,40.63,-0.0011935,0.14,0.83333,0.66105
253.36,40.63,-0.0011946,0.14,0.83333,0.76632
253.42,40.63,-0.0014412,0.14,0.83333,0.87158
253.47,40.63,-0.0016915,0.14,0.83333,0.97684
253.53,40.63,-0.0016912,0.14,0.83333,1.0821
253.58,40.63,-0.0019442,0.14,0.83333,1.1874
253.63,40.63,-0.0021108,0.14,0.83333,1.2926
253.69,40.63,-0.0021998,0.14,0.83333,1.3979
253.74,40.63,-0.0024594,0.14,0.83333,1.5032
253.99,40.63,-0.0032507,0.14,0.83333,1.6084
254.05,40.63,-0.0035191,0.14,0.83333,1.7137
254.09,40.63,-0.0036564,0.14,0.83333,1.8189
254.16,40.63,-0.0037905,0.14,0.83333,1.9242
254.2,40.63,-0.0040633,0.14,0.83333,2.0295
254.25,40.63,-0.0041956,0.14,0.83333,2.1347
254.31,40.63,-0.0043387,0.14,0.83333,2.24
254.52,40.63,-0.0051783,0.14,0.83333,0.25
254.58,40.63,-0.0054598,0.14,0.83333,0.35526
254.63,40.63,-0.0054662,0.14,0.83333,0.46053
255.16,40.63,-0.00097745,0.14,0.83333,0.56579
255.2,40.63,-0.0012196,0.14,0.83333,0.67105
255.27,40.63,-0.0012206,0.14,0.83333,0.77632
255.31,40.63,-0.0014674,0.14,0.83333,0.88158
255.38,40.63,-0.0016465,0.14,0.83333,0.98684
255.42,40.63,-0.0017176,0.14,0.83333,1.0921
255.49,40.63,-0.0019726,0.14,0.83333,1.1974
255.53,40.63,-0.0021671,0.14,0.83333,1.3026
255.58,40.63,-0.0022284,0.14,0.83333,1.4079
255.64,40.63,-0.0024874,0.14,0.83333,1.5132
255.89,40.63,-0.0032805,0.14,0.83333,1.6184
255.94,40.63,-0.0035497,0.14,0.83333,1.7237
256,40.63,-0.0037228,0.14,0.83333,1.8289
256.05,40.63,-0.0038201,0.14,0.83333,1.9342
256.11,40.63,-0.0040938,0.14,0.83333,2.0395
256.16,40.63,-0.004275,0.14,0.83333,2.1447
256.22,40.63,-0.0043706,0.14,0.83333,2.25
256.42,40.63,-0.005211,0.14,0.83333,0.26
256.49,40.63,-0.0054938,0.14,0.83333,0.36526
256.53,40.63,-0.005499,0.14,0.83333,0.47053
257.06,40.63,-0.001002,0.14,0.83333,0.57579
257.11,40.63,-0.001246,0.14,0.83333,0.68105
257.17,40.63,-0.0012449,0.14,0.83333,0.78632
257.22,40.63,-0.0014938,0.14,0.83333,0.89158
257.28,40.63,-0.0017463,0.14,0.83333,0.99684
257.34,40.63,-0.0018104,0.14,0.83333,1.1021
257.39,40.63,-0.001999,0.14,0.83333,1.2074
257.45,40.63,-0.0022567,0.14,0.83333,1.3126
257.5,40.63,-0.0022562,0.14,0.83333,1.4179
257.56,40.63,-0.002517,0.14,0.83333,1.5232
257.61,40.63,-0.0027795,0.14,0.83333,1.6284
257.88,40.63,-0.0035801,0.14,0.83333,1.7337
257.92,40.63,-0.0038509,0.14,0.83333,1.8389
257.97,40.63,-0.004013,0.14,0.83333,1.9442
258.03,40.63,-0.0041264,0.14,0.83333,2.0495
258.08,40.63,-0.0044015,0.14,0.83333,2.1547
258.14,40.63,-0.0046107,0.14,0.83333,2.26
258.34,40.63,-0.0052481,0.14,0.83333,0.27
258.41,40.63,-0.0055318,0.14,0.83333,0.37526
258.45,40.63,-0.0055353,0.14,0.83333,0.48053
258.95,40.63,-0.0010274,0.14,0.83333,0.58579
259.02,40.63,-0.001257,0.14,0.83333,0.69105
259.06,40.63,-0.0012719,0.14,0.83333,0.79632
259.13,40.63,-0.001521,0.14,0.83333,0.90158
259.17,40.63,-0.001763,0.14,0.83333,1.0068
259.24,40.63,-0.0017719,0.14,0.83333,1.1121
259.28,40.63,-0.0020272,0.14,0.83333,1.2174
259.33,40.63,-0.0021763,0.14,0.83333,1.3226
259.39,40.63,-0.0022855,0.14,0.83333,1.4279
259.44,40.63,-0.0025465,0.14,0.83333,1.5332
259.69,40.63,-0.0033416,0.14,0.83333,1.6384
259.74,40.63,-0.0036111,0.14,0.83333,1.7437
259.8,40.63,-0.0037504,0.14,0.83333,1.8489
259.84,40.63,-0.0038832,0.14,0.83333,1.9542
259.91,40.63,-0.0041573,0.14,0.83333,2.0595
259.95,40.63,-0.0043488,0.14,0.83333,2.1647
260.02,40.63,-0.0044355,0.14,0.83333,2.27
260.22,40.63,-0.005279,0.14,0.83333,0.28
260.27,40.63,-0.0054941,0.14,0.83333,0.38526
260.33,40.63,-0.0055672,0.14,0.83333,0.49053
260.86,40.63,-0.0010531,0.14,0.83333,0.59579
260.91,40.63,-0.0012977,0.14,0.83333,0.70105
260.97,40.63,-0.0012976,0.14,0.83333,0.80632
261.02,40.63,-0.0015477,0.14,0.83333,0.91158
261.08,40.63,-0.0017716,0.14,0.83333,1.0168
261.13,40.63,-0.0018002,0.14,0.83333,1.1221
261.19,40.63,-0.0020562,0.14,0.83333,1.2274
261.24,40.63,-0.0021803,0.14,0.83333,1.3326
261.28,40.63,-0.0023136,0.14,0.83333,1.4379
261.34,40.63,-0.0025756,0.14,0.83333,1.5432
261.59,40.63,-0.003373,0.14,0.83333,1.6484
261.64,40.63,-0.0036436,0.14,0.83333,1.7537
261.7,40.63,-0.0037999,0.14,0.83333,1.8589
261.75,40.63,-0.0039164,0.14,0.83333,1.9642
261.81,40.63,-0.0041907,0.14,0.83333,2.0695
261.86,40.63,-0.0043971,0.14,0.83333,2.1747
261.91,40.63,-0.0044692,0.14,0.83333,2.28
262.13,40.63,-0.0053149,0.14,0.83333,0.29
262.17,40.63,-0.0055991,0.14,0.83333,0.39526
262.24,40.63,-0.0056046,0.14,0.83333,0.50053
262.75,40.63,-0.001078,0.14,0.83333,0.60579
262.81,40.63,-0.0013248,0.14,0.83333,0.71105
262.86,40.63,-0.0013239,0.14,0.83333,0.81632
262.92,40.63,-0.0015746,0.14,0.83333,0.92158
262.97,40.63,-0.0017943,0.14,0.83333,1.0268
263.03,40.63,-0.0018278,0.14,0.83333,1.1321
263.08,40.63,-0.0020842,0.14,0.83333,1.2374
263.13,40.63,-0.002201,0.14,0.83333,1.3426
263.19,40.63,-0.0023424,0.14,0.83333,1.4479
263.24,40.63,-0.0026048,0.14,0.83333,1.5532
263.49,40.63,-0.0034037,0.14,0.83333,1.6584
263.53,40.63,-0.0036745,0.14,0.83333,1.7637
263.59,40.63,-0.003791,0.14,0.83333,1.8689
263.64,40.63,-0.0039479,0.14,0.83333,1.9742
263.7,40.63,-0.0042232,0.14,0.83333,2.0795
263.75,40.63,-0.004349,0.14,0.83333,2.1847
263.81,40.63,-0.0045015,0.14,0.83333,2.29
264.28,40.63,-0.0057981,0.14,1,0.2
264.33,40.63,-0.0058028,0.14,1,0.30526
264.39,40.63,-0.0058073,0.14,1,0.41053
264.44,40.63,-0.005696,0.14,1,0.51579
264.5,40.63,-0.00042052,0.14,1,0.62105
264.55,40.63,-0.00066012,0.14,1,0.72632
264.83,40.63,-0.0014106,0.14,1,0.83158
264.88,40.63,-0.0016691,0.14,1,0.93684
264.94,40.63,-0.001675,0.14,1,1.0421
264.99,40.63,-0.0019291,0.14,1,1.1474
265.05,40.63,-0.0021937,0.14,1,1.2526
265.09,40.63,-0.0021924,0.14,1,1.3579
265.14,40.63,-0.0024592,0.14,1,1.4632
265.2,40.63,-0.002728,0.14,1,1.5684
265.47,40.63,-0.0035479,0.14,1,1.6737
265.52,40.63,-0.0038245,0.14,1,1.7789
265.58,40.63,-0.0039495,0.14,1,1.8842
265.63,40.63,-0.0041044,0.14,1,1.9895
265.67,40.63,-0.0043859,0.14,1,2.0947
265.74,40.63,-0.0045265,0.14,1,2.2
265.94,40.63,-0.0052461,0.14,1,0.21
265.99,40.63,-0.0055366,0.14,1,0.31526
266.05,40.63,-0.00554,0.14,1,0.42053
266.56,40.63,-0.00092863,0.14,1,0.52579
266.61,40.63,-0.00118,0.14,1,0.63105
266.66,40.63,-0.0011795,0.14,1,0.73632
266.72,40.63,-0.0014347,0.14,1,0.84158
266.77,40.63,-0.0016614,0.14,1,0.94684
266.83,40.63,-0.0016919,0.14,1,1.0521
266.88,40.63,-0.0019542,0.14,1,1.1574
266.94,40.63,-0.0020777,0.14,1,1.2626
266.99,40.63,-0.0022172,0.14,1,1.3679
267.03,40.63,-0.0024835,0.14,1,1.4732
267.28,40.63,-0.0032975,0.14,1,1.5784
267.34,40.63,-0.003572,0.14,1,1.6837
267.39,40.63,-0.0036457,0.14,1,1.7889
267.45,40.63,-0.0038505,0.14,1,1.8942
267.5,40.63,-0.0041295,0.14,1,1.9995
267.56,40.63,-0.0043419,0.14,1,2.1047
267.61,40.63,-0.0044127,0.14,1,2.21
267.81,40.63,-0.0052715,0.14,1,0.22
267.86,40.63,-0.00551,0.14,1,0.32526
267.92,40.63,-0.0055651,0.14,1,0.43053
268.45,40.63,-0.00095269,0.14,1,0.53579
268.52,40.63,-0.0012041,0.14,1,0.64105
268.56,40.63,-0.0012034,0.14,1,0.74632
268.63,40.63,-0.0014598,0.14,1,0.85158
268.67,40.63,-0.0017185,0.14,1,0.95684
268.74,40.63,-0.001718,0.14,1,1.0621
268.78,40.63,-0.001979,0.14,1,1.1674
268.84,40.63,-0.0022236,0.14,1,1.2726
268.89,40.63,-0.0022432,0.14,1,1.3779
268.94,40.63,-0.0025106,0.14,1,1.4832
269.19,40.63,-0.0033246,0.14,1,1.5884
269.25,40.63,-0.0036008,0.14,1,1.6937
269.3,40.63,-0.003757,0.14,1,1.7989
269.36,40.63,-0.0038787,0.14,1,1.9042
269.41,40.63,-0.0041589,0.14,1,2.0095
269.45,40.63,-0.0043226,0.14,1,2.1147
269.52,40.63,-0.0044418,0.14,1,2.22
269.72,40.63,-0.0053019,0.14,1,0.23
269.77,40.63,-0.0055909,0.14,1,0.33526
269.83,40.63,-0.0055961,0.14,1,0.44053
270.36,40.63,-0.00097736,0.14,1,0.54579
270.42,40.63,-0.0012296,0.14,1,0.65105
270.47,40.63,-0.0012296,0.14,1,0.75632
270.52,40.63,-0.0014854,0.14,1,0.86158
270.58,40.63,-0.0017445,0.14,1,0.96684
270.63,40.63,-0.0017447,0.14,1,1.0721
270.69,40.63,-0.0020059,0.14,1,1.1774
270.74,40.63,-0.0022012,0.14,1,1.2826
270.8,40.63,-0.0022717,0.14,1,1.3879
270.84,40.63,-0.0025374,0.14,1,1.4932
271.09,40.63,-0.0033534,0.14,1,1.5984
271.14,40.63,-0.0036295,0.14,1,1.7037
271.2,40.63,-0.0037705,0.14,1,1.8089
271.25,40.63,-0.0039079,0.14,1,1.9142
271.31,40.63,-0.004188,0.14,1,2.0195
271.36,40.63,-0.0043498,0.14,1,2.1247
271.42,40.63,-0.0044713,0.14,1,2.23
271.63,40.63,-0.0053322,0.14,1,0.24
271.67,40.63,-0.0055908,0.14,1,0.34526
271.74,40.63,-0.0056275,0.14,1,0.45053
272.27,40.63,-0.0010028,0.14,1,0.55579
272.31,40.63,-0.0012551,0.14,1,0.66105
272.38,40.63,-0.0012541,0.14,1,0.76632
272.42,40.63,-0.0015113,0.14,1,0.87158
272.49,40.63,-0.0017564,0.14,1,0.97684
272.53,40.63,-0.0017706,0.14,1,1.0821
272.59,40.63,-0.0020335,0.14,1,1.1874
272.64,40.63,-0.0021956,0.14,1,1.2926
272.7,40.63,-0.0022986,0.14,1,1.3979
272.75,40.63,-0.0025659,0.14,1,1.5032
273,40.63,-0.003383,0.14,1,1.6084
273.05,40.63,-0.0036598,0.14,1,1.7137
273.11,40.63,-0.0037367,0.14,1,1.8189
273.16,40.63,-0.0039387,0.14,1,1.9242
273.22,40.63,-0.0042191,0.14,1,2.0295
273.27,40.63,-0.0044287,0.14,1,2.1347
273.31,40.63,-0.0045033,0.14,1,2.24
273.53,40.63,-0.0053652,0.14,1,0.25
273.59,40.63,-0.0056564,0.14,1,0.35526
273.64,40.63,-0.0056613,0.14,1,0.46053
274.17,40.63,-0.0010278,0.14,1,0.56579
274.22,40.63,-0.001282,0.14,1,0.67105
274.28,40.63,-0.0012811,0.14,1,0.77632
274.33,40.63,-0.0015394,0.14,1,0.88158
274.38,40.63,-0.0017983,0.14,1,0.98684
274.44,40.63,-0.0017981,0.14,1,1.0921
274.49,40.63,-0.0020614,0.14,1,1.1974
274.55,40.63,-0.0022449,0.14,1,1.3026
274.59,40.63,-0.0023273,0.14,1,1.4079
274.66,40.63,-0.0025946,0.14,1,1.5132
274.91,40.63,-0.003413,0.14,1,1.6184
274.95,40.63,-0.0036898,0.14,1,1.7237
275.02,40.63,-0.0038515,0.14,1,1.8289
275.06,40.63,-0.0039691,0.14,1,1.9342
275.13,40.63,-0.0042493,0.14,1,2.0395
275.17,40.63,-0.004441,0.14,1,2.1447
275.24,40.63,-0.0045336,0.14,1,2.25
275.44,40.63,-0.005399,0.14,1,0.26
275.49,40.63,-0.0056894,0.14,1,0.36526
275.55,40.63,-0.0056937,0.14,1,0.47053
276.06,40.63,-0.0010534,0.14,1,0.57579
276.13,40.63,-0.0013067,0.14,1,0.68105
276.17,40.63,-0.0013066,0.14,1,0.78632
276.24,40.63,-0.001564,0.14,1,0.89158
276.28,40.63,-0.0017857,0.14,1,0.99684
276.34,40.63,-0.0018238,0.14,1,1.1021
276.39,40.63,-0.0020894,0.14,1,1.2074
276.45,40.63,-0.0023394,0.14,1,1.3126
276.5,40.63,-0.0023538,0.14,1,1.4179
276.55,40.63,-0.0026238,0.14,1,1.5232
276.8,40.63,-0.0034424,0.14,1,1.6284
276.86,40.63,-0.0037198,0.14,1,1.7337
276.91,40.63,-0.003879,0.14,1,1.8389
276.97,40.63,-0.0039999,0.14,1,1.9442
277.02,40.63,-0.0042803,0.14,1,2.0495
277.06,40.63,-0.0044545,0.14,1,2.1547
277.13,40.63,-0.0045652,0.14,1,2.26
277.33,40.63,-0.0054312,0.14,1,0.27
277.39,40.63,-0.005669,0.14,1,0.37526
277.44,40.63,-0.0057267,0.14,1,0.48053
277.97,40.63,-0.0010786,0.14,1,0.58579
278.03,40.63,-0.0013339,0.14,1,0.69105
278.08,40.63,-0.0013332,0.14,1,0.79632
278.14,40.63,-0.0015917,0.14,1,0.90158
278.19,40.63,-0.0018407,0.14,1,1.0068
278.24,40.63,-0.0018529,0.14,1,1.1121
278.3,40.63,-0.002117,0.14,1,1.2174
278.34,40.63,-0.0022643,0.14,1,1.3226
278.41,40.63,-0.0023831,0.14,1,1.4279
278.45,40.63,-0.0026519,0.14,1,1.5332
278.7,40.63,-0.0034736,0.14,1,1.6384
278.75,40.63,-0.003751,0.14,1,1.7437
278.81,40.63,-0.0038939,0.14,1,1.8489
278.86,40.63,-0.004031,0.14,1,1.9542
278.91,40.63,-0.0043129,0.14,1,2.0595
278.97,40.63,-0.0044957,0.14,1,2.1647
279.02,40.63,-0.0045982,0.14,1,2.27
279.22,40.63,-0.0054638,0.14,1,0.28
279.28,40.63,-0.005575,0.14,1,0.38526
279.33,40.63,-0.0057601,0.14,1,0.49053
279.88,40.63,-0.0011047,0.14,1,0.59579
279.92,40.63,-0.00136,0.14,1,0.70105
279.97,40.63,-0.0013594,0.14,1,0.80632
280.03,40.63,-0.0016189,0.14,1,0.91158
280.08,40.63,-0.0018338,0.14,1,1.0168
280.14,40.63,-0.0018808,0.14,1,1.1221
280.19,40.63,-0.0021464,0.14,1,1.2274
280.25,40.63,-0.0022635,0.14,1,1.3326
280.3,40.63,-0.0024135,0.14,1,1.4379
280.34,40.63,-0.0026826,0.14,1,1.5432
280.59,40.63,-0.0035054,0.14,1,1.6484
280.66,40.63,-0.0037837,0.14,1,1.7537
280.7,40.63,-0.0039255,0.14,1,1.8589
280.77,40.63,-0.0040633,0.14,1,1.9642
280.81,40.63,-0.0043458,0.14,1,2.0695
280.86,40.63,-0.0044905,0.14,1,2.1747
280.92,40.63,-0.0046316,0.14,1,2.28
281.13,40.63,-0.0054993,0.14,1,0.29
281.17,40.63,-0.0057885,0.14,1,0.39526
